draft,original_relative_to_git,sha256,function,status
drafts/retained/wt/push20-integrate/wip/solo-family/channel_08111578.c,wt/push20-integrate/wip/solo-family/channel_08111578.c,1248d56e72883a5b58610dc5f85639e3d26a81256ff1ad4c0862a95f4ed19c51,sub_08111578,unaccepted candidate; zero exact credit
drafts/retained/wt/push20-integrate/wip/solo-family/channel_08165D10.c,wt/push20-integrate/wip/solo-family/channel_08165D10.c,e0d20cac1d51482ed1a654a18372da4329ef68977971724db3d2a653780360c2,sub_08165D10,unaccepted candidate; zero exact credit
drafts/retained/wt/push20-integrate/wip/solo-family/color_base_080F1F08.c,wt/push20-integrate/wip/solo-family/color_base_080F1F08.c,ec68db758e9676b668cec65f76d58e91bbd189f41f4cab33a2132f94c886aec4,sub_080F1F08,unaccepted candidate; zero exact credit
drafts/retained/wt/push20-integrate/wip/solo-family/context_34810.c,wt/push20-integrate/wip/solo-family/context_34810.c,45b27e92a6f4fc2119958e46f9dd1c18fc9ce4a5291707520a4f16f9055f6ac2,sub_08234810,unaccepted candidate; zero exact credit
drafts/retained/wt/push20-integrate/wip/solo-family/emitter_0.c,wt/push20-integrate/wip/solo-family/emitter_0.c,b8d426bd26b78faf45891b8a28baaf74de597531b42bec17b43cd1830b7a8cdb,sub_08235B34,unaccepted candidate; zero exact credit
drafts/retained/wt/push20-integrate/wip/solo-family/emitter_1.c,wt/push20-integrate/wip/solo-family/emitter_1.c,36cec23e7394c4dae82a0868a77c888f4636e400d745692948a7b1d730b9d284,sub_08235B34,unaccepted candidate; zero exact credit
drafts/retained/wt/push20-integrate/wip/solo-family/emitter_2.c,wt/push20-integrate/wip/solo-family/emitter_2.c,5a264bdfc97ea57fe9d59c64632d451292904c67654e96e8605eb806d4de6e2c,sub_08235B34,unaccepted candidate; zero exact credit
drafts/retained/wt/push20-integrate/wip/solo-family/flag_08160EA4.c,wt/push20-integrate/wip/solo-family/flag_08160EA4.c,0367495d9822366881e7cd06a31daee465af45ee72ba4c74b3a5fcebcffd3a70,sub_08160EA4,unaccepted candidate; zero exact credit
drafts/retained/wt/push20-integrate/wip/solo-family/flag_08234138.c,wt/push20-integrate/wip/solo-family/flag_08234138.c,eabcfa51156961ac10b1520af4eb2cbb77c71444859eaf4b558220d4e0a44fdc,sub_08234138,unaccepted candidate; zero exact credit
drafts/retained/wt/push20-integrate/wip/solo-family/flag_08234810.c,wt/push20-integrate/wip/solo-family/flag_08234810.c,0961de02f3615b0ac5ad63a5e0684bad3bc4381d79a2d97e073344f755279d93,sub_08234810,unaccepted candidate; zero exact credit
drafts/retained/wt/push20-integrate/wip/solo-family/flag_08234868.c,wt/push20-integrate/wip/solo-family/flag_08234868.c,fde4b099c3e598d293f358ed1265d984595efce0a78f79798a6340545af1de9d,sub_08234868,unaccepted candidate; zero exact credit
drafts/retained/wt/push20-integrate/wip/solo-family/flag_082349A0.c,wt/push20-integrate/wip/solo-family/flag_082349A0.c,7ad4864489d4631273bcdc0dcf92b4c80cb41a19cc3a82ea0a611c62fc7d9a5a,sub_082349A0,alternate; exact production source exists
drafts/retained/wt/push20-integrate/wip/solo-family/flag_08234B98.c,wt/push20-integrate/wip/solo-family/flag_08234B98.c,4b65afded0b036a5363c6ab07d94b38fe11b350dcee91419456000fe65552baf,sub_08234B98,unaccepted candidate; zero exact credit
drafts/retained/wt/push20-integrate/wip/solo-family/flag_08234D0C.c,wt/push20-integrate/wip/solo-family/flag_08234D0C.c,6dca15432e70332cfc57b4bcff861f920003a54f6b359de8222bc89cf42085a2,sub_08234D0C,alternate; exact production source exists
drafts/retained/wt/push20-integrate/wip/solo-family/flag_08234F88.c,wt/push20-integrate/wip/solo-family/flag_08234F88.c,01b41cbec8243537267f6c8cb9d576f2aab74bb868ae7144a7c0e077d405823e,sub_08234F88,alternate; exact production source exists
drafts/retained/wt/push20-integrate/wip/solo-family/frame_0.c,wt/push20-integrate/wip/solo-family/frame_0.c,b38b6b65ce287a45f10645951f3d5c3c309d0e8dea2a07ad83e49166c3caa6c1,sub_08234810,unaccepted candidate; zero exact credit
drafts/retained/wt/push20-integrate/wip/solo-family/frame_1.c,wt/push20-integrate/wip/solo-family/frame_1.c,b3a4747c85173fcd6c7c12da1182e93a420ed3fd613a3a9d61f5dd851d484112,sub_08234810,unaccepted candidate; zero exact credit
drafts/retained/wt/push20-integrate/wip/solo-family/frame_2.c,wt/push20-integrate/wip/solo-family/frame_2.c,35fc03b881167dd84425589f8481dfb839bd8b465ed7e74c4a65503f0edf5499,sub_08234810,unaccepted candidate; zero exact credit
drafts/retained/wt/push20-integrate/wip/solo-family/frame_3.c,wt/push20-integrate/wip/solo-family/frame_3.c,3aa32ad448a8f3f526c2776dfe2816ab14ab160fa134e071f10b33ee44dbbef1,sub_08234810,unaccepted candidate; zero exact credit
drafts/retained/wt/push20-integrate/wip/solo-family/frame_4.c,wt/push20-integrate/wip/solo-family/frame_4.c,335fcc724e3f4ccb72468e8d46581b246a8a224f20fc1cd480a46b408409c72a,sub_08234810,unaccepted candidate; zero exact credit
drafts/retained/wt/push20-integrate/wip/solo-family/frame_5.c,wt/push20-integrate/wip/solo-family/frame_5.c,b7d8982b9cee21e0c8fb5655deb4da72c10d1886b12d88c780a56c14748320a1,sub_08234810,unaccepted candidate; zero exact credit
drafts/retained/wt/push20-integrate/wip/solo-family/frame_6.c,wt/push20-integrate/wip/solo-family/frame_6.c,3273bce745c6e529c9df6b61a04d9f1ca11067a83db599d00a0ebe4259ea77b1,sub_08234810,unaccepted candidate; zero exact credit
drafts/retained/wt/push20-integrate/wip/solo-family/frame_7.c,wt/push20-integrate/wip/solo-family/frame_7.c,d52f969c5d77d4a4511fa8d0a83af3bd2c963d1af3edf5f5d483d9d0127c1ac3,sub_08234810,unaccepted candidate; zero exact credit
drafts/retained/wt/push20-integrate/wip/solo-family/init_base_0818D21C.c,wt/push20-integrate/wip/solo-family/init_base_0818D21C.c,e7ad6f80a073283ea5d463bda9785f81c6c828ba938ae7ef33bb6b5f36b5d3b3,sub_0818D21C,unaccepted candidate; zero exact credit
drafts/retained/wt/push20-integrate/wip/solo-family/interpolate_0.c,wt/push20-integrate/wip/solo-family/interpolate_0.c,c1b1c6715a922f2c4506c98f8493c55435e768ed6be8145ecfed34c6d7ae7d68,sub_0823350C,unaccepted candidate; zero exact credit
drafts/retained/wt/push20-integrate/wip/solo-family/interpolate_1.c,wt/push20-integrate/wip/solo-family/interpolate_1.c,afdaf6a951de543c5a4320399f6a7d511e16ccdee22f61c6829b49259553d111,sub_0823350C,unaccepted candidate; zero exact credit
drafts/retained/wt/push20-integrate/wip/solo-family/interpolate_2.c,wt/push20-integrate/wip/solo-family/interpolate_2.c,684c8030f27c746de720bb50b14ae94fc62c6233e5f94c99ecb7899a0489c558,sub_0823350C,unaccepted candidate; zero exact credit
drafts/retained/wt/push20-integrate/wip/solo-family/interpolate_3.c,wt/push20-integrate/wip/solo-family/interpolate_3.c,d8733b0ee06c0618283af35c5e3bc8b2e0583c43c6cb5d01c8197274671e8f9e,sub_0823350C,unaccepted candidate; zero exact credit
drafts/retained/wt/push20-integrate/wip/solo-family/motion_0.c,wt/push20-integrate/wip/solo-family/motion_0.c,cf35be38b1bb1ee6a4f7ab1f8ee13a38f83afb950c4e49361d83fd5b1b354822,sub_08160EA4,unaccepted candidate; zero exact credit
drafts/retained/wt/push20-integrate/wip/solo-family/motion_1.c,wt/push20-integrate/wip/solo-family/motion_1.c,405c14968278dabe5361858d6ec47c4f5a2d3a3f19c5626aae2d04cac59b8a43,sub_08160EA4,unaccepted candidate; zero exact credit
drafts/retained/wt/push20-integrate/wip/solo-family/motion_2.c,wt/push20-integrate/wip/solo-family/motion_2.c,d615f4b313d1a4f62b1ec1a83d0fa1e47edc0ce9cb06b127f0d9ffc39b63ee59,sub_08160EA4,unaccepted candidate; zero exact credit
drafts/retained/wt/push20-integrate/wip/solo-family/motion_3.c,wt/push20-integrate/wip/solo-family/motion_3.c,169c962912ba409e30cb1a8a99fa0f2c378981bf4e516c1ce092fa266c4a4212,sub_08160EA4,unaccepted candidate; zero exact credit
drafts/retained/wt/push20-integrate/wip/solo-family/owner_08235C30.c,wt/push20-integrate/wip/solo-family/owner_08235C30.c,7d84596c226cccce9f54ee15056111d97dbe32d32879316034738dffe1484929,sub_08235C30,unaccepted candidate; zero exact credit
drafts/retained/wt/push20-integrate/wip/solo-family/owner_value_08235C30.c,wt/push20-integrate/wip/solo-family/owner_value_08235C30.c,ae55fb369b94c45a9c6450e12d4da4d28f8e738ba5a7d1ab1412f405dbfe6fa3,sub_08235C30,unaccepted candidate; zero exact credit
drafts/retained/wt/push20-integrate/wip/solo-family/palette_base_08111578.c,wt/push20-integrate/wip/solo-family/palette_base_08111578.c,b112b7a6d4afc0874fcc379c04bc8680efae9053d208166770cdef98f6404fed,sub_08111578,unaccepted candidate; zero exact credit
drafts/retained/wt/push20-integrate/wip/solo-family/palette_base_08165D10.c,wt/push20-integrate/wip/solo-family/palette_base_08165D10.c,e63cba94e25cbb48bce7a6c44998f06952d1d625c545fc967ff06c244c4d58fe,sub_08165D10,unaccepted candidate; zero exact credit
drafts/retained/wt/push20-integrate/wip/solo-family/prologue_081DB030.c,wt/push20-integrate/wip/solo-family/prologue_081DB030.c,963b43807d2310663d39f8253f32bcd7455522da295ac76a83081e97d7e0af83,sub_081DB030,unaccepted candidate; zero exact credit
drafts/retained/wt/push20-integrate/wip/solo-family/prologue_081DB1D8.c,wt/push20-integrate/wip/solo-family/prologue_081DB1D8.c,52c9dd1b4ba1e0f8cd15c0248f4c71ab0c06fb92356c816d41f666ae147005c9,sub_081DB1D8,alternate; exact production source exists
drafts/retained/wt/push20-integrate/wip/solo-family/prologue_08235B34.c,wt/push20-integrate/wip/solo-family/prologue_08235B34.c,121d7f5b7b2362fbde89c39d42ba103a41a2931fc05fb954c50e6b72b3c277b1,sub_08235B34,unaccepted candidate; zero exact credit
drafts/retained/wt/push20-integrate/wip/solo-family/register_sub_0822B058.c,wt/push20-integrate/wip/solo-family/register_sub_0822B058.c,db6e4db0717de0291e53ab464606a9aedae6000ea9b6f7c01c271e0161eff14a,sub_0822B058,unaccepted candidate; zero exact credit
drafts/retained/wt/push20-integrate/wip/solo-family/reverse_base_0818CF10.c,wt/push20-integrate/wip/solo-family/reverse_base_0818CF10.c,99882236bc2971529e2beb167cb47ab36bbdcee456bb6a760c57a49b6b5732a8,sub_0818CF10,unaccepted candidate; zero exact credit
drafts/retained/wt/push20-integrate/wip/solo-family/reverse_base_0818CFEC.c,wt/push20-integrate/wip/solo-family/reverse_base_0818CFEC.c,eafed1777cf56481e09455ce423ca6a658bbb307f1e4ec7c8e79c899722ccaef,sub_0818CFEC,unaccepted candidate; zero exact credit
drafts/retained/wt/push20-integrate/wip/solo-family/rng16_080AB294.c,wt/push20-integrate/wip/solo-family/rng16_080AB294.c,48f8dfa8ccedf8e9bb29b1ae1eb00f98a215ec26c7632554bf421383128cc62f,sub_080AB294,unaccepted candidate; zero exact credit
drafts/retained/wt/push20-integrate/wip/solo-family/rng_table_080AB294.c,wt/push20-integrate/wip/solo-family/rng_table_080AB294.c,4e63889c7d054ee28e24be0cdf218b9c920ff8e472da2b429c1b05d8d1eeeafc,sub_080AB294,unaccepted candidate; zero exact credit
drafts/retained/wt/push20-integrate/wip/solo-family/seed_s32_False_False.c,wt/push20-integrate/wip/solo-family/seed_s32_False_False.c,07a1e96986c2b832c6cf642a2466434aac40769f57fb05bbfdae85d004667c6c,sub_08234810,unaccepted candidate; zero exact credit
drafts/retained/wt/push20-integrate/wip/solo-family/seed_s32_False_True.c,wt/push20-integrate/wip/solo-family/seed_s32_False_True.c,6563d8f22ef7a282354f22aa02c026d8c07655db5a30ec1aec3148a60fe5434b,sub_08234810,unaccepted candidate; zero exact credit
drafts/retained/wt/push20-integrate/wip/solo-family/seed_s32_True_False.c,wt/push20-integrate/wip/solo-family/seed_s32_True_False.c,0d5c4ae62753fc9575271cc1f36e48e4290fa22707249b7703802783de6ce830,sub_08234810,unaccepted candidate; zero exact credit
drafts/retained/wt/push20-integrate/wip/solo-family/seed_s32_True_True.c,wt/push20-integrate/wip/solo-family/seed_s32_True_True.c,af929042e38b64f4f49240a84fb6ca79b6488fbfc6dfdc4d4287409a8ff15ae2,sub_08234810,unaccepted candidate; zero exact credit
drafts/retained/wt/push20-integrate/wip/solo-family/seed_u16_False_False.c,wt/push20-integrate/wip/solo-family/seed_u16_False_False.c,df7d596e3a61e1004a464b5a26ff6f984c217d10976958451d7ca24d95a7332b,sub_08234810,unaccepted candidate; zero exact credit
drafts/retained/wt/push20-integrate/wip/solo-family/seed_u16_False_True.c,wt/push20-integrate/wip/solo-family/seed_u16_False_True.c,00227cb6abc56d2a73bbed2605b278e3dc4d8e20e54b511c8c85fda0c57738d0,sub_08234810,unaccepted candidate; zero exact credit
drafts/retained/wt/push20-integrate/wip/solo-family/seed_u16_True_False.c,wt/push20-integrate/wip/solo-family/seed_u16_True_False.c,23dbe13f5e1023a0b351b2def51ad59c66648e14e6ac7dbb71a38b1412474a08,sub_08234810,unaccepted candidate; zero exact credit
drafts/retained/wt/push20-integrate/wip/solo-family/seed_u16_True_True.c,wt/push20-integrate/wip/solo-family/seed_u16_True_True.c,a4a70f1251e925a609b96248e438a5933a16d00d735495e7c40cb27c107896ff,sub_08234810,unaccepted candidate; zero exact credit
drafts/retained/wt/push20-integrate/wip/solo-family/seed_u32_False_False.c,wt/push20-integrate/wip/solo-family/seed_u32_False_False.c,4b148f289e50d844cd0cdf989eeb13f0a139e8cb62daa9fd6f01d73367b1b70e,sub_08234810,unaccepted candidate; zero exact credit
drafts/retained/wt/push20-integrate/wip/solo-family/seed_u32_False_True.c,wt/push20-integrate/wip/solo-family/seed_u32_False_True.c,ee3fb981c600e6d7d4ee90b8a5c5ce46d065b0115563278e9797c11d443aa6de,sub_08234810,unaccepted candidate; zero exact credit
drafts/retained/wt/push20-integrate/wip/solo-family/seed_u32_True_False.c,wt/push20-integrate/wip/solo-family/seed_u32_True_False.c,4f33f259df7862d83cf9a1c77d40265fc13ffd6a2627b4e153423e42c7d39a63,sub_08234810,unaccepted candidate; zero exact credit
drafts/retained/wt/push20-integrate/wip/solo-family/seed_u32_True_True.c,wt/push20-integrate/wip/solo-family/seed_u32_True_True.c,9f105e2803cee26b4017994c5e264270b03af0d7df4a6322f278647770503c9a,sub_08234810,unaccepted candidate; zero exact credit
drafts/retained/wt/push20-integrate/wip/solo-family/selector_base_0818CC48.c,wt/push20-integrate/wip/solo-family/selector_base_0818CC48.c,7fdc722637dad8e95bc122e1f715043904c362027e443c405fd4e64f9e2fa469,sub_0818CC48,unaccepted candidate; zero exact credit
drafts/retained/wt/push20-integrate/wip/solo-family/setup_base_081BF67C.c,wt/push20-integrate/wip/solo-family/setup_base_081BF67C.c,d5bc549848e6530f9b580881ec8bdb54d62150b59daed8a3e919971cd5e5a844,sub_081BF67C,unaccepted candidate; zero exact credit
drafts/retained/wt/push20-integrate/wip/solo-family/sub_08055828.c,wt/push20-integrate/wip/solo-family/sub_08055828.c,ea6932d4b8df1d6cf79b790543d20cf5763e018099885a938c4ea0f534f138dd,sub_08055828,exact source promoted to production
drafts/retained/wt/push20-integrate/wip/solo-family/sub_080F1D44.c,wt/push20-integrate/wip/solo-family/sub_080F1D44.c,84519ae10898c2b78f2e5becd3d6054247c47121f7a8ccb1a85cca2fc781bb38,sub_080F1D44,exact source promoted to production
drafts/retained/wt/push20-integrate/wip/solo-family/sub_080F1F08.c,wt/push20-integrate/wip/solo-family/sub_080F1F08.c,d0cccda6cb99b8ba7c6e0b170f15725a0d784edcc93415ae51f57fafa892770a,sub_080F1F08,unaccepted candidate; zero exact credit
drafts/retained/wt/push20-integrate/wip/solo-family/sub_080F29C4.c,wt/push20-integrate/wip/solo-family/sub_080F29C4.c,b813288a9d9a683ed11a6a8453cd289ed2486dd50550e80dfa8f28e25820fb3b,sub_080F29C4,exact source promoted to production
drafts/retained/wt/push20-integrate/wip/solo-family/sub_080F4E30.c,wt/push20-integrate/wip/solo-family/sub_080F4E30.c,57ec116c9263bf0e35529ceeccef87b620e6e12e379b4237d1ac13a00416c150,sub_080F4E30,exact source promoted to production
drafts/retained/wt/push20-integrate/wip/solo-family/sub_080F4EEC.c,wt/push20-integrate/wip/solo-family/sub_080F4EEC.c,e6fc5a58027e61daeb880088f1dbb2ec05d3ba67fc598cce9f5b39f34e76a3da,sub_080F4EEC,exact source promoted to production
drafts/retained/wt/push20-integrate/wip/solo-family/sub_080F5504.c,wt/push20-integrate/wip/solo-family/sub_080F5504.c,650d7e3ba89979f98986e7052618f114a259b6a79534287db6abce9dcd8708d9,sub_080F5504,exact source promoted to production
drafts/retained/wt/push20-integrate/wip/solo-family/sub_080F558C.c,wt/push20-integrate/wip/solo-family/sub_080F558C.c,e56da0209c7cfb25cbfad4e647d10b79fd882d39db5bde4c5957e6fdd531c006,sub_080F558C,exact source promoted to production
drafts/retained/wt/push20-integrate/wip/solo-family/sub_080F57E8.c,wt/push20-integrate/wip/solo-family/sub_080F57E8.c,8d22d426694ad3a4290c6c165dc076788e98da6735845e6345860f4908c2004c,sub_080F57E8,exact source promoted to production
drafts/retained/wt/push20-integrate/wip/solo-family/sub_080F5964.c,wt/push20-integrate/wip/solo-family/sub_080F5964.c,b0e86760e764c0b53cbba8aeefad920f3ecbefb2deb833a1ce6eba1f0cca4760,sub_080F5964,exact source promoted to production
drafts/retained/wt/push20-integrate/wip/solo-family/sub_080F59E0.c,wt/push20-integrate/wip/solo-family/sub_080F59E0.c,daeb82713070a2ab7f453526574af48a711fdd4e7cfb60c5b1a8f6093e58f426,sub_080F59E0,exact source promoted to production
drafts/retained/wt/push20-integrate/wip/solo-family/sub_080F5B68.c,wt/push20-integrate/wip/solo-family/sub_080F5B68.c,0ec0d7f0f2ed242d40bb2c24d816017ecd0199482c22c6347d4a98f354d16515,sub_080F5B68,unaccepted candidate; zero exact credit
drafts/retained/wt/push20-integrate/wip/solo-family/sub_08111578.c,wt/push20-integrate/wip/solo-family/sub_08111578.c,3d448e52adb1d56683d1c1fecce812700781c18ae54f1189e534000666394d63,sub_08111578,unaccepted candidate; zero exact credit
drafts/retained/wt/push20-integrate/wip/solo-family/sub_0811C41C.c,wt/push20-integrate/wip/solo-family/sub_0811C41C.c,ec093a833ec865d751286a819a56d60c3960b88f729c62394164ddecd71c30d9,sub_0811C41C,exact source promoted to production
drafts/retained/wt/push20-integrate/wip/solo-family/sub_08160EA4.c,wt/push20-integrate/wip/solo-family/sub_08160EA4.c,cf35be38b1bb1ee6a4f7ab1f8ee13a38f83afb950c4e49361d83fd5b1b354822,sub_08160EA4,unaccepted candidate; zero exact credit
drafts/retained/wt/push20-integrate/wip/solo-family/sub_08165D10.c,wt/push20-integrate/wip/solo-family/sub_08165D10.c,aa00a3cbe7272e157be953a04fec34fb9b75e40aa7a79a28465a3ae064f5ed2a,sub_08165D10,unaccepted candidate; zero exact credit
drafts/retained/wt/push20-integrate/wip/solo-family/sub_08165F78.c,wt/push20-integrate/wip/solo-family/sub_08165F78.c,b3c9f8042719dca5f5c7a745a7c44bb9778912db48ad4554b1e28f1daf11cb33,sub_08165F78,exact source promoted to production
drafts/retained/wt/push20-integrate/wip/solo-family/sub_08179650.c,wt/push20-integrate/wip/solo-family/sub_08179650.c,d501c8e7d6f5bd91809ede18878e358a3936f454dbea975e65c8c29a1121fbf4,sub_08179650,exact source promoted to production
drafts/retained/wt/push20-integrate/wip/solo-family/sub_0818CC48.c,wt/push20-integrate/wip/solo-family/sub_0818CC48.c,2436055d85eb2e858a8d803c46a7e9208d9b2218a186f546271fdeb160a39bf7,sub_0818CC48,unaccepted candidate; zero exact credit
drafts/retained/wt/push20-integrate/wip/solo-family/sub_0818CD80.c,wt/push20-integrate/wip/solo-family/sub_0818CD80.c,f44ed60fb2f37a6703c43798ae6128cc43665f0e502b60bc4cd344cb06cc948d,sub_0818CD80,exact source promoted to production
drafts/retained/wt/push20-integrate/wip/solo-family/sub_0818CE48.c,wt/push20-integrate/wip/solo-family/sub_0818CE48.c,4cb07d96a885fa1678243bf18519939f26bca6f8655f3c579ded79a0b79770bd,sub_0818CE48,exact source promoted to production
drafts/retained/wt/push20-integrate/wip/solo-family/sub_0818CF10.c,wt/push20-integrate/wip/solo-family/sub_0818CF10.c,8240165799ff8725db505217eae61949d050bcb688b7bc73dc59f804f41c1faa,sub_0818CF10,unaccepted candidate; zero exact credit
drafts/retained/wt/push20-integrate/wip/solo-family/sub_0818CFEC.c,wt/push20-integrate/wip/solo-family/sub_0818CFEC.c,e05ba5e3be059b6c3172f45ab365a7907d138f7e129f55cd84cf21cab947d4c3,sub_0818CFEC,unaccepted candidate; zero exact credit
drafts/retained/wt/push20-integrate/wip/solo-family/sub_0818D21C.c,wt/push20-integrate/wip/solo-family/sub_0818D21C.c,94683f182fbf9c2053d0a9a1de874e105bc89dba5e60daf843c5811778dcae47,sub_0818D21C,unaccepted candidate; zero exact credit
drafts/retained/wt/push20-integrate/wip/solo-family/sub_0818D460.c,wt/push20-integrate/wip/solo-family/sub_0818D460.c,8218273ed39000639b2e8ab505354e1de3c3426db4a6e6a1d26b1d984b212353,sub_0818D460,exact source promoted to production
drafts/retained/wt/push20-integrate/wip/solo-family/sub_0818D4F4.c,wt/push20-integrate/wip/solo-family/sub_0818D4F4.c,9774145bca047326c95ee39056f4e0a967cd1b67974e10346df9f8e92714240a,sub_0818D4F4,exact source promoted to production
drafts/retained/wt/push20-integrate/wip/solo-family/sub_0818D754.c,wt/push20-integrate/wip/solo-family/sub_0818D754.c,4ce54a73ecce378954cbb8ab21f0724f4a95bc8a0103385786f72eff0df8c3a6,sub_0818D754,alternate; exact production source exists
drafts/retained/wt/push20-integrate/wip/solo-family/sub_0818D8E0.c,wt/push20-integrate/wip/solo-family/sub_0818D8E0.c,199d5273a9e7668a96244310c73921ce8603939d618bf1b9f8ab6bd1b4a51406,sub_0818D8E0,exact source promoted to production
drafts/retained/wt/push20-integrate/wip/solo-family/sub_0818D960.c,wt/push20-integrate/wip/solo-family/sub_0818D960.c,f6cffdcf28b4c90875e18d3a2e991984700f5b5a16e949860f6e05508b467796,sub_0818D960,exact source promoted to production
drafts/retained/wt/push20-integrate/wip/solo-family/sub_0818DB10.c,wt/push20-integrate/wip/solo-family/sub_0818DB10.c,cf2f20069efe5a8bdd9498b16857c1f0689f9d04c04c1a8e2596140507df6a2d,sub_0818DB10,unaccepted candidate; zero exact credit
drafts/retained/wt/push20-integrate/wip/solo-family/sub_081BF67C.c,wt/push20-integrate/wip/solo-family/sub_081BF67C.c,514381ec12961d6ddd824ac077dfbacc2c68360e2650ea73bcf034584a1b81b1,sub_081BF67C,unaccepted candidate; zero exact credit
drafts/retained/wt/push20-integrate/wip/solo-family/sub_081DAF50.c,wt/push20-integrate/wip/solo-family/sub_081DAF50.c,f4002c91499a1d7d0162f32bd1577c26688707c5317152e9c424a121d9984c25,sub_081DAF50,exact source promoted to production
drafts/retained/wt/push20-integrate/wip/solo-family/sub_081DAFDC.c,wt/push20-integrate/wip/solo-family/sub_081DAFDC.c,78dcb9cb090b97e534902b9c86725675b7921b6262ffbf547779557e310b4e5f,sub_081DAFDC,exact source promoted to production
drafts/retained/wt/push20-integrate/wip/solo-family/sub_081DB030.c,wt/push20-integrate/wip/solo-family/sub_081DB030.c,2240ee82c5e37a56816ff8e08051498edfa19aa0f129c1ad23924bd4a6a9d6ec,sub_081DB030,unaccepted candidate; zero exact credit
drafts/retained/wt/push20-integrate/wip/solo-family/sub_081DB168.c,wt/push20-integrate/wip/solo-family/sub_081DB168.c,87eb7b4feb2b869713e144613cbc7659e8cc4832f4e3357944f1d27dff831267,sub_081DB168,exact source promoted to production
drafts/retained/wt/push20-integrate/wip/solo-family/sub_081DB1D8.c,wt/push20-integrate/wip/solo-family/sub_081DB1D8.c,81b2f899cbb5ee5492f87e9e758196e23c73d4f1b6da0385c44be11de9ae3758,sub_081DB1D8,exact source promoted to production
drafts/retained/wt/push20-integrate/wip/solo-family/sub_081DB324.c,wt/push20-integrate/wip/solo-family/sub_081DB324.c,8416cf15299e409cee9e1fb864fd2d916a5f608bb2a36e0eba1e016fd5fe5e87,sub_081DB168,alternate; exact production source exists
drafts/retained/wt/push20-integrate/wip/solo-family/sub_081DB404.c,wt/push20-integrate/wip/solo-family/sub_081DB404.c,e27d6e03a5494ee1e2da47c18c3f07ccd8f113ad847873c395c52ddac15af482,sub_081DB1D8,alternate; exact production source exists
drafts/retained/wt/push20-integrate/wip/solo-family/sub_081DEE38.c,wt/push20-integrate/wip/solo-family/sub_081DEE38.c,3b2c40108f700230a3d87f5ce9d439f31a737b1ff7b2d6230356aa6b831be979,sub_081DEE38,unaccepted candidate; zero exact credit
drafts/retained/wt/push20-integrate/wip/solo-family/sub_082331E4.c,wt/push20-integrate/wip/solo-family/sub_082331E4.c,93649f0ad4efab8fec7d421657adba2c3db2fd63ca4c10b1010c4848493977dd,sub_082331E4,exact source promoted to production
drafts/retained/wt/push20-integrate/wip/solo-family/sub_08233258.c,wt/push20-integrate/wip/solo-family/sub_08233258.c,1608758aa4225f3414ea66ccb533299b69ce0c0a5900ab95924c94e7fcddcf5e,sub_08233258,alternate; exact production source exists
drafts/retained/wt/push20-integrate/wip/solo-family/sub_082332B0.c,wt/push20-integrate/wip/solo-family/sub_082332B0.c,706f2bdbcc68a4f0a63c3b8c81f912696c8cdb5601a6a1fa99c5236280a51b43,sub_082332B0,exact source promoted to production
drafts/retained/wt/push20-integrate/wip/solo-family/sub_0823333C.c,wt/push20-integrate/wip/solo-family/sub_0823333C.c,1b0f92b4a70892096d32bfa3d52b22ae7c20b2493ac203c8b3bc00aa1d72fde8,sub_0823333C,exact source promoted to production
drafts/retained/wt/push20-integrate/wip/solo-family/sub_082333A8.c,wt/push20-integrate/wip/solo-family/sub_082333A8.c,ccb66d97d80e1fa359c7cd913818ec7c2617ebd957edec34cd0938f4893e83e3,sub_0823333C,alternate; exact production source exists
drafts/retained/wt/push20-integrate/wip/solo-family/sub_08233418.c,wt/push20-integrate/wip/solo-family/sub_08233418.c,2e67715828eb9c68968bbec2d786ecf5a61f9c97fa85b4732adbb16b82f1b2f3,sub_0823333C,alternate; exact production source exists
drafts/retained/wt/push20-integrate/wip/solo-family/sub_08233488.c,wt/push20-integrate/wip/solo-family/sub_08233488.c,79aa2e659d9e80496b7463a075ba3cf5973043ebb503d2704c8422fb8a2884d7,sub_0823333C,alternate; exact production source exists
drafts/retained/wt/push20-integrate/wip/solo-family/sub_0823350C.c,wt/push20-integrate/wip/solo-family/sub_0823350C.c,dfa643f1e282d5dacd08d746cbb5ace2db01a31ed72737820ff80472ca96669a,sub_0823350C,unaccepted candidate; zero exact credit
drafts/retained/wt/push20-integrate/wip/solo-family/sub_082335F0.c,wt/push20-integrate/wip/solo-family/sub_082335F0.c,d192a7d535fb93143197471d64e572b377412278d6fbeb22f32dc9cadd265078,sub_082335F0,unaccepted candidate; zero exact credit
drafts/retained/wt/push20-integrate/wip/solo-family/sub_082340D8.c,wt/push20-integrate/wip/solo-family/sub_082340D8.c,daff251e880ae697ebbff586f4365e1052b7ec5a90500e17e56c2620080bb4fd,sub_0821D6F4,unaccepted candidate; zero exact credit
drafts/retained/wt/push20-integrate/wip/solo-family/sub_08234138.c,wt/push20-integrate/wip/solo-family/sub_08234138.c,b7998556dbb8fe1bdb5b4a9e96426a004896ea0a1e046498a666603285592ac1,sub_08234138,unaccepted candidate; zero exact credit
drafts/retained/wt/push20-integrate/wip/solo-family/sub_082342AC.c,wt/push20-integrate/wip/solo-family/sub_082342AC.c,431454a34ef428a5caa1d0be3feb97f08beebf7e0d3200a2aa0d9bce29293f8e,sub_082342AC,exact source promoted to production
drafts/retained/wt/push20-integrate/wip/solo-family/sub_08234810.c,wt/push20-integrate/wip/solo-family/sub_08234810.c,35fc03b881167dd84425589f8481dfb839bd8b465ed7e74c4a65503f0edf5499,sub_08234810,unaccepted candidate; zero exact credit
drafts/retained/wt/push20-integrate/wip/solo-family/sub_08234868.c,wt/push20-integrate/wip/solo-family/sub_08234868.c,94c67affbf590268e2b61910e5b9b305a0a3eeb3923b10be6fb2c7fc0aaf61f9,sub_08234868,unaccepted candidate; zero exact credit
drafts/retained/wt/push20-integrate/wip/solo-family/sub_082349A0.c,wt/push20-integrate/wip/solo-family/sub_082349A0.c,7ec9f3b106fb849a01ab78463dbd95cf1278dfb3da33b159bff7da5f1836f2b5,sub_082349A0,exact source promoted to production
drafts/retained/wt/push20-integrate/wip/solo-family/sub_08234A84.c,wt/push20-integrate/wip/solo-family/sub_08234A84.c,ff3f5f064392515232468670a4cb8518da5767dacddd87e23bc3bcfeb243b691,sub_08234A84,exact source promoted to production
drafts/retained/wt/push20-integrate/wip/solo-family/sub_08234B34.c,wt/push20-integrate/wip/solo-family/sub_08234B34.c,e59afe165304106fd024b7ad0a46e13daac989ed911278946977577af21cf857,sub_08234B34,exact source promoted to production
drafts/retained/wt/push20-integrate/wip/solo-family/sub_08234B98.c,wt/push20-integrate/wip/solo-family/sub_08234B98.c,ca6f86ea2b9624cbc24b2ee42744911a4fe914a6aed60a9daa487804e3827fe4,sub_08234B98,unaccepted candidate; zero exact credit
drafts/retained/wt/push20-integrate/wip/solo-family/sub_08234D0C.c,wt/push20-integrate/wip/solo-family/sub_08234D0C.c,07f421ab0d4b1557ea440511ecd54cdda41737c3d156a2bf0d5687e92e1e4938,sub_08234D0C,exact source promoted to production
drafts/retained/wt/push20-integrate/wip/solo-family/sub_08234DC8.c,wt/push20-integrate/wip/solo-family/sub_08234DC8.c,9dbba7636f3854a2af09e58056b3d2dd30110fc09459e77a3bf8a9dbbc2c7a4a,sub_08234DC8,unaccepted candidate; zero exact credit
drafts/retained/wt/push20-integrate/wip/solo-family/sub_08234F18.c,wt/push20-integrate/wip/solo-family/sub_08234F18.c,faa14b0fee81544d5f41eb5bb53ddc3ad09f0707dedd18bc1df57e27548f348b,sub_08234F18,exact source promoted to production
drafts/retained/wt/push20-integrate/wip/solo-family/sub_08234F88.c,wt/push20-integrate/wip/solo-family/sub_08234F88.c,160d36de1b18530cbbf07eadad84b8166dadb01d8cd180a143ee9565a66a1ca8,sub_08234F88,exact source promoted to production
drafts/retained/wt/push20-integrate/wip/solo-family/sub_082352C8.c,wt/push20-integrate/wip/solo-family/sub_082352C8.c,21db50594fac2b8d138470b36f052c44a8e970518b4334689912d66703e21da9,sub_082352C8,exact source promoted to production
drafts/retained/wt/push20-integrate/wip/solo-family/sub_0823565C.c,wt/push20-integrate/wip/solo-family/sub_0823565C.c,7cf86490582dcf5e054ff761038c6e30c34f3c10a74564d881c70c1aa3b9c83d,sub_0823565C,exact source promoted to production
drafts/retained/wt/push20-integrate/wip/solo-family/sub_082358C0.c,wt/push20-integrate/wip/solo-family/sub_082358C0.c,e4f7f38d4c0815f632615ceb10f7d67d59e4502b5256a0fb83d4187f3dcf19b8,sub_082358C0,unaccepted candidate; zero exact credit
drafts/retained/wt/push20-integrate/wip/solo-family/sub_082359CC.c,wt/push20-integrate/wip/solo-family/sub_082359CC.c,78f40ec9833adfa95a88a47266a2691d32c6a7991a75301e901a961bddaa95a0,sub_082359CC,unaccepted candidate; zero exact credit
drafts/retained/wt/push20-integrate/wip/solo-family/sub_08235A5C.c,wt/push20-integrate/wip/solo-family/sub_08235A5C.c,02e8255c1b5214de46e37bf3dcb89d164a06aac22ef7e494620985f3c0c10652,sub_08235A5C,exact source promoted to production
drafts/retained/wt/push20-integrate/wip/solo-family/sub_08235AB8.c,wt/push20-integrate/wip/solo-family/sub_08235AB8.c,64615266f3fd904351d219a34fd9d057576cae1b4726a9996d74eda3f41693e0,sub_08235AB8,exact source promoted to production
drafts/retained/wt/push20-integrate/wip/solo-family/sub_08235B34.c,wt/push20-integrate/wip/solo-family/sub_08235B34.c,1e54bcd9b07c926bc14dcb0c8eb09100546705e244c7b538051335597a8b15a9,sub_08235B34,unaccepted candidate; zero exact credit
drafts/retained/wt/push20-integrate/wip/solo-family/sub_08235C30.c,wt/push20-integrate/wip/solo-family/sub_08235C30.c,bf2b4e9fb0afb3aa01385dc2316486b0aed6f0e0c8c39a184c0f2382e1ba8c29,sub_08235C30,unaccepted candidate; zero exact credit
drafts/retained/wt/push20-integrate/wip/solo-family/sub_082381C8.c,wt/push20-integrate/wip/solo-family/sub_082381C8.c,3b95fcffb6d8df996cfabedb41b5318528bb1c1121c2d59fa10637ba75fd0aa4,sub_08238110,unaccepted candidate; zero exact credit
drafts/retained/wt/push20-integrate/wip/solo-family/typed_08160EA4.c,wt/push20-integrate/wip/solo-family/typed_08160EA4.c,d2fdb69a9cca73238ce85ca6e64791fe21fa04a7d71a2cbb5988215948b47c58,sub_08160EA4,unaccepted candidate; zero exact credit
drafts/retained/wt/push20-integrate/wip/solo-family/typed_0818D754.c,wt/push20-integrate/wip/solo-family/typed_0818D754.c,7e782af61fb5d27725bd52cffd28c60c3a22cd2e6801455afe5f6067dea1123b,sub_0818D754,exact source promoted to production
drafts/retained/wt/push20-integrate/wip/solo-family/typed_081BF67C.c,wt/push20-integrate/wip/solo-family/typed_081BF67C.c,c359d13d9e5d5bf8a66444f62b00561ba086c780aaf12dab68bffe7b24cf4f3e,sub_081BF67C,unaccepted candidate; zero exact credit
drafts/retained/wt/push20-integrate/wip/solo-family/typed_081E013C.c,wt/push20-integrate/wip/solo-family/typed_081E013C.c,d3a9a15501ce7cbf771c328055cb06aeeefbb72b6cb1ed212a5e11e196cd44de,sub_081E013C,unaccepted candidate; zero exact credit
drafts/retained/wt/push20-integrate/wip/solo-family/typed_08235B34.c,wt/push20-integrate/wip/solo-family/typed_08235B34.c,d61886ec3868451158a642fee0501eea518c9aca88b19356d2ba2258178ef078,sub_08235B34,unaccepted candidate; zero exact credit
drafts/retained/wt/push20-integrate/wip/solo-family/typed_08235C30.c,wt/push20-integrate/wip/solo-family/typed_08235C30.c,fc54210f1e69dc33186794349d43ef3291b2ca1e41696adcec651edf534a6721,sub_08235C30,unaccepted candidate; zero exact credit
drafts/retained/wt/push20-integrate/wip/solo-family/typed_flags_08235C30.c,wt/push20-integrate/wip/solo-family/typed_flags_08235C30.c,07a273f7b516f08ecbe5722b157f30e3fda0056fb9356a6224f417d58714da12,sub_08235C30,unaccepted candidate; zero exact credit
drafts/retained/wt/push20-integrate/wip/solo-family/update_base_080F59E0.c,wt/push20-integrate/wip/solo-family/update_base_080F59E0.c,bdf661be43e258752949c5294f5e016436f240084a02044ee732ca2ad38edfbb,sub_080F59E0,alternate; exact production source exists
drafts/retained/wt/push20-integrate/wip/solo-family/update_base_0818D960.c,wt/push20-integrate/wip/solo-family/update_base_0818D960.c,e26a42e643e4de5edac620a1cc138ca7cdc1943cddcdcab78253a68394680bcf,sub_0818D960,alternate; exact production source exists
