function,progress_span_bytes,mismatching_instruction_lines,status,candidate,sha256,compiler,flags,preserved_draft
ObjGfx_LoadTiles,144,46,nonmatching; preserved on WIP branch,../wt/push20-high/wip/high/sub_08215400.c,1d8069d13f1ed10dce21dc5e653e9b2340c0e26c8fa8ec32c4e58d462f17997c,agbcc,default -O2 -mthumb-interwork,drafts/retained/wt/push20-high/wip/high/sub_08215400.c
sub_080033FC,76,0,exact; accepted in combined batch,src/fn/sub_080033FC.c,dd2d0aca1865e22df5f687c884e1e59417821bee718b840c77b913aa42428a79,agbcc,default -O2 -mthumb-interwork,
sub_08011AA4,44,0,exact; accepted in combined batch,src/fn/sub_08011AA4.c,adbf8a484a2cebf39ba253505fac1659155dcafbca5a298b8e2b5a94e4e7497c,agbcc,default -O2 -mthumb-interwork,
sub_08011C00,76,0,exact; accepted in combined batch,src/fn/sub_08011C00.c,4154d44948b6ca454776a71928cb165ef3be012b8f185b6e80d19eada2d72d96,agbcc,default -O2 -mthumb-interwork,
sub_08016FE0,76,0,exact; accepted in combined batch,src/fn/sub_08016FE0.c,07f294b63f95c0ebbdadc2b57d2b632d774ea2a32351e84d36851f18b8dcac73,agbcc,default -O2 -mthumb-interwork,
sub_080182FC,76,0,exact; accepted in combined batch,src/fn/sub_080182FC.c,f7649894cbf44cc9c60f89ea05c45084428cf63019affebd02a156e43f3f06f3,agbcc,default -O2 -mthumb-interwork,
sub_0801959C,64,0,exact; accepted in combined batch,src/fn/sub_0801959C.c,12a19decc6af968ec650b84545d3bb2c85aa8ee462f0caaa9f3b15cb472f9c3b,agbcc,default -O2 -mthumb-interwork,
sub_0801973C,76,0,exact; accepted in combined batch,src/fn/sub_0801973C.c,0fdc3687d1d82467265330ce6d69ded357fcc99b03c1d03cc3866bd8deaef545,agbcc,default -O2 -mthumb-interwork,
sub_0802C620,88,0,exact; accepted in combined batch,src/fn/sub_0802C620.c,99b776edcdffc9d8fa1b922d1edcea28c82f051378306409da26463492ce810d,agbcc,default -O2 -mthumb-interwork,
sub_0802D44C,292,122,nonmatching; preserved on WIP branch,../wt/push20-low/wip/sub_0802D44C.c,836d7ec8f4184d76e925ed3cfddc33eeb3c53b6f649feffe0f07b259fef92407,agbcc,default -O2 -mthumb-interwork,drafts/retained/wt/push20-low/wip/sub_0802D44C.c
sub_080379D8,52,0,exact; accepted in combined batch,src/fn/sub_080379D8.c,de6459eba1b448d703911b5039211c60d562b7444f0c5e61408e8f54d80efb3b,agbcc,default -O2 -mthumb-interwork,
sub_0803A4D4,64,0,exact; accepted in combined batch,src/fn/sub_0803A4D4.c,fffd14666d0a622335f482571e52c395321364db591434e8bab69d12bf943d46,agbcc,default -O2 -mthumb-interwork,
sub_0803D5A8,64,0,exact; accepted in combined batch,src/fn/sub_0803D5A8.c,5dc5e48a04392507f1eb645c5b2048900eca4154f8a4caa1f992f2a1aeb016d3,agbcc,default -O2 -mthumb-interwork,
sub_0803F458,64,0,exact; accepted in combined batch,src/fn/sub_0803F458.c,502ca7d9a1f4a893ef008c7249ae33591cf0e02306c5d56efc6944fb51a601f7,agbcc,default -O2 -mthumb-interwork,
sub_08042158,64,0,exact; accepted in combined batch,src/fn/sub_08042158.c,823396c20b5d6d37b1d951b503eb689f4b936c4f860d395f90f069c2259d8b12,agbcc,default -O2 -mthumb-interwork,
sub_08043C24,40,0,exact; accepted in combined batch,src/fn/sub_08043C24.c,5495f4297a595321b4c37448b52407174553f4c32f79ca7fa463bca28d5f03e3,agbcc,default -O2 -mthumb-interwork,
sub_08043CE0,76,0,exact; accepted in combined batch,src/fn/sub_08043CE0.c,0d151cafd306fa5660fdff87e33cedd85e3127b272316f04b7919efcb087e66a,agbcc,default -O2 -mthumb-interwork,
sub_080447AC,40,0,exact; accepted in combined batch,src/fn/sub_080447AC.c,2a9d933f5f4d143c4da8ef73a575a624cbe3a2984e6ce8784174eb37fb2edd07,agbcc,default -O2 -mthumb-interwork,
sub_08044814,64,0,exact; accepted in combined batch,src/fn/sub_08044814.c,dfe6a5feaeb846ccae4aa3efa9ec4a7ffd993c98371bc8c33524c389be73a711,agbcc,default -O2 -mthumb-interwork,
sub_08045704,64,0,exact; accepted in combined batch,src/fn/sub_08045704.c,c8a260206b0a7506906465101fbf15deffb136b72a67c0afd8cd9c22d6e3179d,agbcc,default -O2 -mthumb-interwork,
sub_08045744,52,0,exact; accepted in combined batch,src/fn/sub_08045744.c,b56ec2d3c5be0c8a774ff6ca10523dc834fe90bf8795d92b3e58a5835d6048e3,agbcc,default -O2 -mthumb-interwork,
sub_08045CB0,68,0,exact; accepted in combined batch,src/fn/sub_08045CB0.c,fa0c41bc4b67ab8d24b4e7464b4b1c901a2ba3b8b0a41a268e65953dc3ac9de9,agbcc,default -O2 -mthumb-interwork,
sub_08047258,76,0,exact; accepted in combined batch,src/fn/sub_08047258.c,6b514bccd2e274c9ba3721980efb63d87ce325170b95ab5e648ef445fff25224,agbcc,default -O2 -mthumb-interwork,
sub_080474A0,68,0,exact; accepted in combined batch,src/fn/sub_080474A0.c,1be884468469ca268d8eeeb05a7e0bb99e16cdb67fa6c41514b9f8877f9d7ce3,agbcc,default -O2 -mthumb-interwork,
sub_08048E0C,224,76,nonmatching; preserved on WIP branch,../wt/push20-low/wip/sub_08048E0C-base.c,fc932872a9e80e14f44bf9650baa7574cd3d8256b73a7b0d755a0ec38b709bc5,agbcc,default -O2 -mthumb-interwork,drafts/retained/wt/push20-low/wip/sub_08048E0C-base.c
sub_0805E880,96,0,exact; accepted in combined batch,src/fn/sub_0805E880.c,26a94ed5f88eacd783eb41571673adc6be898f0fe86fb28a884d7b7c64c55be2,agbcc,default -O2 -mthumb-interwork,
sub_08069668,76,0,exact; accepted in combined batch,src/fn/sub_08069668.c,493c281eb6ab65631205b3dc43f80435366c49ec52bd4abde4d7ea80400c89cc,agbcc,default -O2 -mthumb-interwork,
sub_0806A5B4,76,0,exact; accepted in combined batch,src/fn/sub_0806A5B4.c,164d0415e6bd012fdbd5645185520c44005732f6da2f84a848db849013e4ed0c,agbcc,default -O2 -mthumb-interwork,
sub_08093330,64,0,exact; accepted in combined batch,src/fn/sub_08093330.c,85e4ec1d1f654c5235a6633098f5cc6f2f55ba78e03f80a83a18a110a198e3ce,agbcc,default -O2 -mthumb-interwork,
sub_08097BC0,164,3,nonmatching; preserved on WIP branch,../wt/push20-low/wip/sub_08097BC0.c,ebd5731225b38b6afb6d2a8f6a68036ad45eee3c23592ed586bedd6cd79ee91c,agbcc,default -O2 -mthumb-interwork,drafts/retained/wt/push20-low/wip/sub_08097BC0.c
sub_080AB294,372,89,nonmatching; preserved on WIP branch,../wt/push20-low/wip/sub_080AB294.c,f44dd46fb9c1ca24e1a15fe545560fa50948dea2cdf44acf90049d723e53ca5e,agbcc,default -O2 -mthumb-interwork,drafts/retained/wt/push20-low/wip/sub_080AB294.c
sub_080C5314,148,0,exact; accepted in combined batch,src/fn/sub_080C5314.c,64e79d5c2950fbd34a60ab351c05687012447ebdaa87204cf5e8662e3e9675e9,agbcc,default -O2 -mthumb-interwork,
sub_080F4A0C,64,0,exact; accepted in combined batch,src/fn/sub_080F4A0C.c,d20f7a54c9cb994a69878e6ff9ac026a0b2ec338274dc2799403b303be1120c3,agbcc,default -O2 -mthumb-interwork,
sub_080F6170,88,0,exact; accepted in combined batch,src/fn/sub_080F6170.c,3e4c263254988dfdfb0f172e7d5273ee3f42904407e36a28cd8130d35f490ba1,agbcc,default -O2 -mthumb-interwork,
sub_080F61C8,88,0,exact; accepted in combined batch,src/fn/sub_080F61C8.c,6f718862e3796c89cc2caeebbbe7bec3d821fdca8229be54c5d2b52afbce3f04,agbcc,default -O2 -mthumb-interwork,
sub_08105194,168,59,nonmatching; preserved on WIP branch,../wt/push20-mid/wip/push20/sub_08105194.c,bed576f32703afcf73a7ba80250fb5d0e9791a7ca7e3a6c2af80eb64ca2b02b9,agbcc,default -O2 -mthumb-interwork,drafts/retained/wt/push20-mid/wip/push20/sub_08105194.c
sub_081134B0,132,55,nonmatching; preserved on WIP branch,../wt/push20-mid/wip/push20/sub_081134B0.c,df28664610a7f80e9c60e67bca3e4aecfa1908669805e6dd649f55a966faa743,agbcc,default -O2 -mthumb-interwork,drafts/retained/wt/push20-mid/wip/push20/sub_081134B0.c
sub_0811FDB4,788,133,nonmatching; preserved on WIP branch,../wt/push20-high-last/wip/large-last/sub_0811FDB4.c,bfc7f593e35e7e395d8eca574c2859e8b159f0f2fb8a05cd6118d1052fc21cf8,agbcc,default -O2 -mthumb-interwork,drafts/retained/wt/push20-high-last/wip/large-last/sub_0811FDB4.c
sub_08125B68,84,1,nonmatching; preserved on WIP branch,../wt/push20-mid/wip/push20/sub_08125B68.c,ff6dbbccad14a0ea2ef05e4d12e70a3b2617025e8c1aa00de705603c15c60b29,agbcc,default -O2 -mthumb-interwork,drafts/retained/wt/push20-mid/wip/push20/sub_08125B68.c
sub_08126000,116,46,nonmatching; preserved on WIP branch,../wt/push20-mid/wip/push20/sub_08126000.c,f1031bc2b2b2283cdf8693871782b790d5310fff79e32955eecfac4eb5e1e1bf,agbcc,default -O2 -mthumb-interwork,drafts/retained/wt/push20-mid/wip/push20/sub_08126000.c
sub_0812642C,316,133,nonmatching; preserved on WIP branch,../wt/push20-mid/wip/push20/sub_0812642C.c,55ecfb274ee23b2cdab76da3e45853f5d1382af0fb4cda7c8a6a4b56dd16bbd8,agbcc,default -O2 -mthumb-interwork,drafts/retained/wt/push20-mid/wip/push20/sub_0812642C.c
sub_081278E0,68,0,exact; accepted in combined batch,src/fn/sub_081278E0.c,36c74526fd12b30047343cd2912f13488207be5e7ad0d449c5a5babd7e44fd13,agbcc,default -O2 -mthumb-interwork,
sub_0812B7AC,76,0,exact; accepted in combined batch,src/fn/sub_0812B7AC.c,9f5173dabf30bc89cc2766adfb2fedc929cbb511510787e7df0d57e173ba3588,agbcc,default -O2 -mthumb-interwork,
sub_0812C314,156,0,exact; accepted in combined batch,src/fn/sub_0812C314.c,f5d2e334b37d005d1d6b9630d41e1db4c58107360022788716a39ed17238e556,agbcc,default -O2 -mthumb-interwork,
sub_08131B40,132,36,nonmatching; preserved on WIP branch,../wt/push20-mid/wip/push20/sub_08131B40.c,c95ecacbcc3638b8849fa1b9cfeb3dc6c3087e19ce66e63d75ed53253202959b,agbcc,default -O2 -mthumb-interwork,drafts/retained/wt/push20-mid/wip/push20/sub_08131B40.c
sub_081388F4,48,0,exact; accepted in combined batch,src/fn/sub_081388F4.c,c822d1f187b069309335c1825745270b2b2aa03b0a4d4d63d81a7cb183cf4d04,agbcc,default -O2 -mthumb-interwork,
sub_081392DC,48,0,exact; accepted in combined batch,src/fn/sub_081392DC.c,390efdf724278c7a1baddc1e2c27df683634b2865ae0d39b57dad42abcd387d0,agbcc,default -O2 -mthumb-interwork,
sub_0815C230,140,62,nonmatching; preserved on WIP branch,../wt/push20-mid/wip/push20/sub_0815C230.c,d49a940be7a94c3da668b0f4dddea4f65006e9dcaaa63b25468d84a0ed594397,agbcc,default -O2 -mthumb-interwork,drafts/retained/wt/push20-mid/wip/push20/sub_0815C230.c
sub_08160EA4,1060,4,nonmatching; preserved on WIP branch,../wt/push20-astra-motion/wip/sub_08160EA4.c,cf35be38b1bb1ee6a4f7ab1f8ee13a38f83afb950c4e49361d83fd5b1b354822,agbcc,default -O2 -mthumb-interwork,drafts/retained/wt/push20-astra-motion/wip/sub_08160EA4.c
sub_081625C0,288,73,nonmatching; preserved on WIP branch,../wt/push20-mid/wip/push20/sub_081625C0.c,1639ea7e7e71bf9e4a35fb45d86becf7149646382c2f49080982c8b4ad909080,agbcc,default -O2 -mthumb-interwork,drafts/retained/wt/push20-mid/wip/push20/sub_081625C0.c
sub_0816AC64,208,46,nonmatching; preserved on WIP branch,../wt/push20-mid/wip/last/sub_0816AC64.c,c21ab32b2a8ae99bc353c197912f4311df23bb913ceed9dd6e9938f2f5bc7246,agbcc,default -O2 -mthumb-interwork,drafts/retained/wt/push20-mid/wip/last/sub_0816AC64.c
sub_0816B47C,96,0,exact; accepted in combined batch,src/fn/sub_0816B47C.c,54c0ad825e591781ae80c9f94c8f18bf283280a9a5310976fa7f948df5086872,agbcc,default -O2 -mthumb-interwork,
sub_0816F6B4,180,5,nonmatching; preserved on WIP branch,../wt/push20-integrate/wip/finish-existing/sub_0816F6B4-base.c,5f8964f3e155877f52c614b1153cb9d37a74b735db00f6fc0bc135beed685da3,agbcc,default -O2 -mthumb-interwork,drafts/retained/wt/push20-integrate/wip/finish-existing/sub_0816F6B4-base.c
sub_08171EFC,128,45,nonmatching; preserved on WIP branch,../wt/push20-mid/wip/push20/sub_08171EFC.c,93d54818ea58ec9d3d2e562e44c746d1704ce7d75c15ceae3f3914dc7eee9870,agbcc,default -O2 -mthumb-interwork,drafts/retained/wt/push20-mid/wip/push20/sub_08171EFC.c
sub_08172AF4,220,4,nonmatching; preserved on WIP branch,../wt/push20-mid/wip/last/sub_08172AF4.c,2e896d4e3048b1f45000d52d49c9ca72f434292651a3f80526a0de58a6800302,agbcc,default -O2 -mthumb-interwork,drafts/retained/wt/push20-mid/wip/last/sub_08172AF4.c
sub_08175AB0,36,0,exact; accepted in combined batch,src/fn/sub_08175AB0.c,02417a2e12614613c204b6cc67575f87fece7a12634e5005e59777b70fcda8a7,agbcc,default -O2 -mthumb-interwork,
sub_08175AD4,36,0,exact; accepted in combined batch,src/fn/sub_08175AD4.c,a001342883d708380d1887382da3c0784d8c89a99ef4133c043f16fdd04dabb3,agbcc,default -O2 -mthumb-interwork,
sub_08178544,32,0,exact; accepted in combined batch,src/fn/sub_08178544.c,9f82d33c54b6696ce82eab0f18cd14196e385ce90bb6b2b71f18bc8020b74d14,agbcc,default -O2 -mthumb-interwork,
sub_08178FC8,460,7,nonmatching; preserved on WIP branch,../wt/push20-mid/wip/push20/sub_08178FC8.c,b1bc8c641604bb8eef59d2e9e0e0daafac1315819bad525dc31266f46f2ffb00,agbcc,default -O2 -mthumb-interwork,drafts/retained/wt/push20-mid/wip/push20/sub_08178FC8.c
sub_081975C8,284,73,nonmatching; preserved on WIP branch,../wt/push20-mid/wip/push20/sub_081975C8.c,9df3fde3a1a5883c2f08a4aaa89e8f12d9b7b8dcf6bfdd30e32e106e4ac578f5,agbcc,default -O2 -mthumb-interwork,drafts/retained/wt/push20-mid/wip/push20/sub_081975C8.c
sub_081A543C,180,89,nonmatching; preserved on WIP branch,../wt/push20-mid/wip/push20/sub_081A543C.c,1206faf82368722bd670cf8bd06f51bdfaa447ee38f3df9b621b9bbf7841bb4a,agbcc,default -O2 -mthumb-interwork,drafts/retained/wt/push20-mid/wip/push20/sub_081A543C.c
sub_081A55D4,64,2,nonmatching; preserved on WIP branch,wip/endurance/sub_081A55D4.c,1ad844f46c80fd593b543df8b7596fa96b94c19c124d1038aac7be77c964c1c0,agbcc,default -O2 -mthumb-interwork,drafts/retained/boktai3-decomp/wip/endurance/sub_081A55D4.c
sub_081BC820,352,67,nonmatching; preserved on WIP branch,../wt/push20-mid/wip/push20/sub_081BC820.c,6246a046a3b06668e63b83373ea8fc096731bef3e4fad0f099100a0f138a06d6,agbcc,default -O2 -mthumb-interwork,drafts/retained/wt/push20-mid/wip/push20/sub_081BC820.c
sub_081D5908,768,331,nonmatching; preserved on WIP branch,../wt/push20-mid/wip/push20/sub_081D5908.c,2ac6ff47e9b709bb5e13d0e64137351de30e8e4358c5929f58e8bdb5f02b7df3,agbcc,default -O2 -mthumb-interwork,drafts/retained/wt/push20-mid/wip/push20/sub_081D5908.c
sub_081DC470,424,9,nonmatching; preserved on WIP branch,../wt/push20-mid/wip/push20/sub_081DC470.c,7a489f2b7d25de9ba86cde31600bc3182721554126d433bae0fbd4bf8456a1d5,agbcc,default -O2 -mthumb-interwork,drafts/retained/wt/push20-mid/wip/push20/sub_081DC470.c
sub_081E013C,696,71,nonmatching; preserved on WIP branch,../wt/push20-astra-motion/wip/e013c_late_zero_bits.c,3905e07cca9ed8de0ebee877f4f38ca89ba42589f915d727dbc2e4b79af65d27,agbcc,default -O2 -mthumb-interwork,drafts/retained/wt/push20-astra-motion/wip/e013c_late_zero_bits.c
sub_081E8374,580,221,nonmatching; preserved on WIP branch,wip/endurance/sub_081E8374.c,b5e8d2bb1cba323ebc85ab3b65c1f4451913af54c24444742e2f1cdde2985e79,agbcc,default -O2 -mthumb-interwork,drafts/retained/boktai3-decomp/wip/endurance/sub_081E8374.c
sub_081F0E24,324,2,nonmatching; preserved on WIP branch,../wt/push20-mid/wip/push20/sub_081F0E24.c,a441859c1c1982f83e2b585a4328a9ef188f0c9ccefe8472238006bcdef1d521,agbcc,default -O2 -mthumb-interwork,drafts/retained/wt/push20-mid/wip/push20/sub_081F0E24.c
sub_08201160,272,95,nonmatching; preserved on WIP branch,../wt/push20-high/wip/high/sub_08201160.c,68de7937e2fcdfe85dd6def07473b1cc09d1fd8b03fd301b40247345d1fd918b,agbcc,default -O2 -mthumb-interwork,drafts/retained/wt/push20-high/wip/high/sub_08201160.c
sub_08201784,276,65,nonmatching; preserved on WIP branch,../wt/push20-high/wip/high/sub_08201784.c,36f255bdb4adc0fa819415b6dfa5731aef5a25392033deae0f49f5c0baf5bce6,agbcc,default -O2 -mthumb-interwork,drafts/retained/wt/push20-high/wip/high/sub_08201784.c
sub_0820267C,144,2,nonmatching; preserved on WIP branch,../wt/push20-high/wip/high/sub_0820267C.c,2264ec2867651817409ee50227df6dfe472248885103733fabdd57306f71647f,agbcc,default -O2 -mthumb-interwork,drafts/retained/wt/push20-high/wip/high/sub_0820267C.c
sub_08210CB0,176,2,nonmatching; preserved on WIP branch,../wt/push20-high/wip/high/sub_08210CB0.c,e46fd74fa1eaeaf229a0adf15a4acf1785e76ff2b173081186fb8fb6c8841df6,agbcc,default -O2 -mthumb-interwork,drafts/retained/wt/push20-high/wip/high/sub_08210CB0.c
sub_082132E8,212,2,nonmatching; preserved on WIP branch,../wt/push20-integrate/wip/finish-existing/sub_082132E8.c,0cd1e6809327fafa90e51e04c2f8c9dd557fa718c5c97fac21f77ef8f0f422c1,agbcc,default -O2 -mthumb-interwork,drafts/retained/wt/push20-integrate/wip/finish-existing/sub_082132E8.c
sub_08213D10,188,13,nonmatching; preserved on WIP branch,../wt/push20-high/wip/high/sub_08213D10.c,79a11d4e88cf11184746df52efe3fd2b18cb9fb5053166b80c5e7503c19aa829,agbcc,default -O2 -mthumb-interwork,drafts/retained/wt/push20-high/wip/high/sub_08213D10.c
sub_08213FD8,364,102,nonmatching; preserved on WIP branch,../wt/push20-high/wip/high/dmaupdatev1.c,2d11fee8277c514705a7286d8579569cce0e05f7fa06f2b0526a021f1d05f021,agbcc,default -O2 -mthumb-interwork,drafts/retained/wt/push20-high/wip/high/dmaupdatev1.c
sub_082157EC,196,92,nonmatching; preserved on WIP branch,../wt/push20-high/wip/high/bgresetv1.c,c756fafe030ca570506c27be7a97af99eb1505cfde2fecdbb2c3b6a8ff125cae,agbcc,default -O2 -mthumb-interwork,drafts/retained/wt/push20-high/wip/high/bgresetv1.c
sub_082158B0,180,48,nonmatching; preserved on WIP branch,../wt/push20-high/wip/high/bgoffsetv1.c,c665131a396bb558ee1774b66842483c2395beb91f202cf5741b5cfaa442957b,agbcc,default -O2 -mthumb-interwork,drafts/retained/wt/push20-high/wip/high/bgoffsetv1.c
sub_082285C4,184,6,nonmatching; preserved on WIP branch,../wt/push20-integrate/wip/root/sub_082285C4.c,0f98205ed3ba55cd11db4566db5f4bb4cf4c1347524f12a2d999dc0e8aaff03a,agbcc,default -O2 -mthumb-interwork,drafts/retained/wt/push20-integrate/wip/root/sub_082285C4.c
sub_08229180,216,98,nonmatching; preserved on WIP branch,../wt/push20-high/wip/high/sub_08229180.c,68525546328d736c6dc50342cd9cb648b80d12c62f06a87cf064d90c21bddaa1,agbcc,default -O2 -mthumb-interwork,drafts/retained/wt/push20-high/wip/high/sub_08229180.c
sub_08229440,40,15,nonmatching; preserved on WIP branch,../wt/push20-integrate/wip/root/sub_08229440.c,a7aa06a75b856f02ccb704c7ff650e0d5be0710aed4d9e7518047f6d3ef820b4,agbcc,default -O2 -mthumb-interwork,drafts/retained/wt/push20-integrate/wip/root/sub_08229440.c
sub_0822AF78,88,30,nonmatching; preserved on WIP branch,../wt/push20-integrate/wip/root/sub_0822AF78.c,2da561c03436a0a494a38cae0ea945459e65a74870af436f0e1323f144d5079c,agbcc,default -O2 -mthumb-interwork,drafts/retained/wt/push20-integrate/wip/root/sub_0822AF78.c
sub_0822AFE8,88,5,nonmatching; preserved on WIP branch,../wt/push20-integrate/wip/root/sub_0822AFE8.c,ece94f2714d2ea1e927dbd1c6cf521a3330a0bef307b167f8e92f47782d275a7,agbcc,default -O2 -mthumb-interwork,drafts/retained/wt/push20-integrate/wip/root/sub_0822AFE8.c
sub_0822B058,88,5,nonmatching; preserved on WIP branch,../wt/push20-integrate/wip/root/sub_0822B058.c,21d04ab8420cee6a1ae05e327ab6b70d7f4c3dc7c69d77c1ad5d1a8a30470abe,agbcc,default -O2 -mthumb-interwork,drafts/retained/wt/push20-integrate/wip/root/sub_0822B058.c
sub_0822B5FC,68,27,nonmatching; preserved on WIP branch,../wt/push20-high/wip/high/sub_0822B5FC.c,36d6428b941c272ee05517608c74b8d7d7141add14ff028ac5a39af35e167999,agbcc,default -O2 -mthumb-interwork,drafts/retained/wt/push20-high/wip/high/sub_0822B5FC.c
sub_0822B6C8,192,84,nonmatching; preserved on WIP branch,../wt/push20-high/wip/high/sub_0822B6C8.c,7987102b696a7715d4b09bda55d594eb9617f16094debf0e5f72a2fd90ff2541,agbcc,default -O2 -mthumb-interwork,drafts/retained/wt/push20-high/wip/high/sub_0822B6C8.c
sub_0822B7E4,168,81,nonmatching; preserved on WIP branch,../wt/push20-high/wip/high/sub_0822B7E4.c,e771ea7fc568bff1a151a45a7a85b5249180fe64e3317ea446587ff617fbe2d8,agbcc,default -O2 -mthumb-interwork,drafts/retained/wt/push20-high/wip/high/sub_0822B7E4.c
sub_0822B968,124,41,nonmatching; preserved on WIP branch,../wt/push20-high/wip/high/sub_0822B968.c,0f229c80eb3b1dfb11196a1573eb9c2f10b71d6636164e38ced2d5daadc9fb1a,agbcc,default -O2 -mthumb-interwork,drafts/retained/wt/push20-high/wip/high/sub_0822B968.c
sub_0822BBD8,148,0,exact; accepted in combined batch,src/fn/sub_0822BBD8.c,4e917a54b72c2539ec72c38a3ea7ad02295a8dc55ef5603bd24d1de0defce7be,agbcc,default -O2 -mthumb-interwork,
sub_0822BD58,96,9,nonmatching; preserved on WIP branch,../wt/push20-integrate/wip/batch4/sub_0822BD58.c,d57491030af1f7f0027f464332032165ac19ffdb32b5af2c814009969bee5ff5,agbcc,default -O2 -mthumb-interwork,drafts/retained/wt/push20-integrate/wip/batch4/sub_0822BD58.c
sub_0822CAA0,104,50,nonmatching; preserved on WIP branch,../wt/push20-high-last/wip/high-last/sub_0822CAA0.c,a3ae7fada5cd6c316c8bb5f88cf8187b06f4fa078a5c72f016894432f41df4f8,agbcc,default -O2 -mthumb-interwork,drafts/retained/wt/push20-high-last/wip/high-last/sub_0822CAA0.c
sub_0822CE54,88,0,exact; accepted in combined batch,src/fn/sub_0822CE54.c,9e8352b519112715e4e855e23480fd54be8bdeee530f9b3ed12102d616ab33d1,agbcc,default -O2 -mthumb-interwork,
sub_0822D080,72,5,nonmatching; preserved on WIP branch,../wt/push20-high/wip/high/sub_0822D080.c,6d96a63cf6c469436e85cdacfde16ced49009720c3a471f4d4979bddc69bcb5d,agbcc,default -O2 -mthumb-interwork,drafts/retained/wt/push20-high/wip/high/sub_0822D080.c
sub_0822EDF8,112,2,nonmatching; preserved on WIP branch,../wt/push20-high/wip/high/sub_0822EDF8.c,cd721bbd00a5802baaaf349aa9a255b3cf90c86c7c2e57b01fed8f906659aba2,agbcc,default -O2 -mthumb-interwork,drafts/retained/wt/push20-high/wip/high/sub_0822EDF8.c
sub_0822EE68,220,75,nonmatching; preserved on WIP branch,../wt/push20-high/wip/high/sub_0822EE68.c,9957cd20cc2ca91d00aecfb691e9e2d2585159a3b0bcf809daec6b2b50dc1c18,agbcc,default -O2 -mthumb-interwork,drafts/retained/wt/push20-high/wip/high/sub_0822EE68.c
sub_08231EF8,228,26,nonmatching; preserved on WIP branch,../wt/push20-high/wip/high/v2.c,305bc5b9ce42d95ec98f67772b22126f75e4621d70d80088d85b4a69fab975f7,agbcc,default -O2 -mthumb-interwork,drafts/retained/wt/push20-high/wip/high/v2.c
sub_08232F1C,76,0,exact; accepted in combined batch,src/fn/sub_08232F1C.c,3b90a2f15699059bf43736b58d08a9d7513bef165da6200f703427ac80942234,agbcc,default -O2 -mthumb-interwork,
sub_08234354,76,0,exact; accepted in combined batch,src/fn/sub_08234354.c,2f551fadf8a9dffa69019b3a57a7f6f9ab6566555e50cf69ec6336fbd5d342dc,agbcc,default -O2 -mthumb-interwork,
sub_08234770,88,28,nonmatching; preserved on WIP branch,../wt/push20-integrate/wip/batch4/sub_08234770.c,ac27f5258e05581813c4fe78dc1a4c10c47235a7fed3f59c40dcc7ed6058d1bd,agbcc,default -O2 -mthumb-interwork,drafts/retained/wt/push20-integrate/wip/batch4/sub_08234770.c
sub_08235000,216,0,exact; accepted in combined batch,src/fn/sub_08235000.c,4fed6da59004f14cdaa51465aa23000849fbc2bb7430e11dc8a060022a23f6b3,agbcc,default -O2 -mthumb-interwork,
sub_082359CC,144,32,nonmatching; preserved on WIP branch,../wt/push20-integrate/wip/last-pass/sub_082359CC.c,df6fe580847117b6b5215e572bffe84425ea66404a77ec4728d0ff87bffcc77c,agbcc,default -O2 -mthumb-interwork,drafts/retained/wt/push20-integrate/wip/last-pass/sub_082359CC.c
sub_08235B34,252,18,nonmatching; preserved on WIP branch,../wt/push20-integrate/wip/last-pass/sub_08235B34.c,2185684b459b9607d4def275af4d0d1422c33a48234a41d47aef375a09490a4b,agbcc,default -O2 -mthumb-interwork,drafts/retained/wt/push20-integrate/wip/last-pass/sub_08235B34.c
sub_08235D68,72,0,exact; accepted in combined batch,src/fn/sub_08235D68.c,4a5a05453209bc5a5abc5cb277c9f59ff215e1e0f9ac043633617f620431e7cb,agbcc,default -O2 -mthumb-interwork,
sub_0823652C,112,14,nonmatching; preserved on WIP branch,../wt/push20-high/wip/high/p1.c,8ce8de4e29281330b4efca19647d5728d962bbba1150a72369300ad4605d1fde,agbcc,default -O2 -mthumb-interwork,drafts/retained/wt/push20-high/wip/high/p1.c
sub_08237E7C,76,0,exact; accepted in combined batch,src/fn/sub_08237E7C.c,aa89df56e1e87745e91238aff8616a9b86cdf347ba9bbaa8683a5953daf71d3f,agbcc,default -O2 -mthumb-interwork,
sub_08239150,88,0,exact; accepted in combined batch,src/fn/sub_08239150.c,d79606a895df0bd881d57e5df75e750943c8a764c98c137a4f870055b307c7c5,agbcc,default -O2 -mthumb-interwork,
sub_08239CDC,92,27,nonmatching; preserved on WIP branch,../wt/push20-integrate/wip/last-pass/sub_08239CDC.c,b25633faeaca965dc881c36654b17c8c5bffe2ffc57d5e3b3c294d95c240036b,agbcc,default -O2 -mthumb-interwork,drafts/retained/wt/push20-integrate/wip/last-pass/sub_08239CDC.c
sub_0823A2E4,164,34,nonmatching; preserved on WIP branch,../wt/push20-integrate/wip/final-pass/sub_0823A2E4.c,017d2f46d25ce220f10063e9b70a4a7b21412730f857439bf48145525323f447,agbcc,default -O2 -mthumb-interwork,drafts/retained/wt/push20-integrate/wip/final-pass/sub_0823A2E4.c
sub_0823ADB4,168,42,nonmatching; preserved on WIP branch,../wt/push20-integrate/wip/final-pass/sub_0823ADB4.c,8fe428536a31b59473ce3e97fdd85f9123e62b980b9cbf2b00105066da4ca88c,agbcc,default -O2 -mthumb-interwork,drafts/retained/wt/push20-integrate/wip/final-pass/sub_0823ADB4.c
sub_0823AE5C,232,41,nonmatching; preserved on WIP branch,../wt/push20-integrate/wip/last-pass/sub_0823AE5C.c,7795ff8e17ec08078d2b74157d2b92288b73dd8ade5e407628bba274bbee8c54,agbcc,default -O2 -mthumb-interwork,drafts/retained/wt/push20-integrate/wip/last-pass/sub_0823AE5C.c
sub_0823E704,268,123,nonmatching; preserved on WIP branch,../wt/push20-integrate/wip/last-pass/sub_0823E704.c,6ceca8808acc20088ac0f755c352dbf0c339735a3c764ca93bc55e3a5d6b8642,agbcc,default -O2 -mthumb-interwork,drafts/retained/wt/push20-integrate/wip/last-pass/sub_0823E704.c
sub_0823EDDC,164,39,nonmatching; preserved on WIP branch,../wt/push20-integrate/wip/last-pass/sub_0823EDDC.c,51cc3c617f7c05c953ad09fb5e1df913dd390e1b813230a6976483bcd99e6851,agbcc,default -O2 -mthumb-interwork,drafts/retained/wt/push20-integrate/wip/last-pass/sub_0823EDDC.c
sub_08243B54,188,43,nonmatching; preserved on WIP branch,wip/endurance/sub_08243B54.c,4a99a69867f9797a4df0450141dcaedcbc08f1748bf263a590a7a7ebb2c963e2,agbcc,default -O2 -mthumb-interwork,drafts/retained/boktai3-decomp/wip/endurance/sub_08243B54.c
sub_08248E70,156,0,exact; accepted in combined batch,src/fn/sub_08248E70.c,f2ffab5b0f79d9595ab070e7f3229d854c9e68cccfcebcea2be6b3c5b320916f,agbcc,-O0 -mthumb-interwork,
