function,exact_bytes,source,sha256
sub_08055828,260,src/fn/sub_08055828.c,ea6932d4b8df1d6cf79b790543d20cf5763e018099885a938c4ea0f534f138dd
sub_080F1D44,188,src/fn/sub_080F1D44.c,84519ae10898c2b78f2e5becd3d6054247c47121f7a8ccb1a85cca2fc781bb38
sub_080F29C4,232,src/fn/sub_080F29C4.c,b813288a9d9a683ed11a6a8453cd289ed2486dd50550e80dfa8f28e25820fb3b
sub_080F4E30,188,src/fn/sub_080F4E30.c,57ec116c9263bf0e35529ceeccef87b620e6e12e379b4237d1ac13a00416c150
sub_080F4EEC,188,src/fn/sub_080F4EEC.c,e6fc5a58027e61daeb880088f1dbb2ec05d3ba67fc598cce9f5b39f34e76a3da
sub_080F5504,136,src/fn/sub_080F5504.c,650d7e3ba89979f98986e7052618f114a259b6a79534287db6abce9dcd8708d9
sub_080F558C,148,src/fn/sub_080F558C.c,e56da0209c7cfb25cbfad4e647d10b79fd882d39db5bde4c5957e6fdd531c006
sub_080F57E8,380,src/fn/sub_080F57E8.c,8d22d426694ad3a4290c6c165dc076788e98da6735845e6345860f4908c2004c
sub_080F5964,124,src/fn/sub_080F5964.c,b0e86760e764c0b53cbba8aeefad920f3ecbefb2deb833a1ce6eba1f0cca4760
sub_080F59E0,392,src/fn/sub_080F59E0.c,daeb82713070a2ab7f453526574af48a711fdd4e7cfb60c5b1a8f6093e58f426
sub_0811C41C,104,src/fn/sub_0811C41C.c,ec093a833ec865d751286a819a56d60c3960b88f729c62394164ddecd71c30d9
sub_08165F78,220,src/fn/sub_08165F78.c,b3c9f8042719dca5f5c7a745a7c44bb9778912db48ad4554b1e28f1daf11cb33
sub_08179650,136,src/fn/sub_08179650.c,d501c8e7d6f5bd91809ede18878e358a3936f454dbea975e65c8c29a1121fbf4
sub_0818CD80,200,src/fn/sub_0818CD80.c,f44ed60fb2f37a6703c43798ae6128cc43665f0e502b60bc4cd344cb06cc948d
sub_0818CE48,200,src/fn/sub_0818CE48.c,4cb07d96a885fa1678243bf18519939f26bca6f8655f3c579ded79a0b79770bd
sub_0818D460,148,src/fn/sub_0818D460.c,8218273ed39000639b2e8ab505354e1de3c3426db4a6e6a1d26b1d984b212353
sub_0818D4F4,156,src/fn/sub_0818D4F4.c,9774145bca047326c95ee39056f4e0a967cd1b67974e10346df9f8e92714240a
sub_0818D754,396,src/fn/sub_0818D754.c,7e782af61fb5d27725bd52cffd28c60c3a22cd2e6801455afe5f6067dea1123b
sub_0818D8E0,128,src/fn/sub_0818D8E0.c,199d5273a9e7668a96244310c73921ce8603939d618bf1b9f8ab6bd1b4a51406
sub_0818D960,432,src/fn/sub_0818D960.c,f6cffdcf28b4c90875e18d3a2e991984700f5b5a16e949860f6e05508b467796
sub_081DAF50,124,src/fn/sub_081DAF50.c,f4002c91499a1d7d0162f32bd1577c26688707c5317152e9c424a121d9984c25
sub_081DAFDC,84,src/fn/sub_081DAFDC.c,78dcb9cb090b97e534902b9c86725675b7921b6262ffbf547779557e310b4e5f
sub_081DB168,112,src/fn/sub_081DB168.c,87eb7b4feb2b869713e144613cbc7659e8cc4832f4e3357944f1d27dff831267
sub_081DB1D8,116,src/fn/sub_081DB1D8.c,81b2f899cbb5ee5492f87e9e758196e23c73d4f1b6da0385c44be11de9ae3758
sub_081DB324,108,src/fn/sub_081DB324.c,8416cf15299e409cee9e1fb864fd2d916a5f608bb2a36e0eba1e016fd5fe5e87
sub_081DB404,112,src/fn/sub_081DB404.c,e27d6e03a5494ee1e2da47c18c3f07ccd8f113ad847873c395c52ddac15af482
sub_082331E4,100,src/fn/sub_082331E4.c,93649f0ad4efab8fec7d421657adba2c3db2fd63ca4c10b1010c4848493977dd
sub_08233258,88,src/fn/sub_08233258.c,eadee957f2a66d390088a267abb0d47c6d45109675758597ef4a48e8b8940d2b
sub_082332B0,140,src/fn/sub_082332B0.c,706f2bdbcc68a4f0a63c3b8c81f912696c8cdb5601a6a1fa99c5236280a51b43
sub_0823333C,108,src/fn/sub_0823333C.c,1b0f92b4a70892096d32bfa3d52b22ae7c20b2493ac203c8b3bc00aa1d72fde8
sub_082333A8,112,src/fn/sub_082333A8.c,ccb66d97d80e1fa359c7cd913818ec7c2617ebd957edec34cd0938f4893e83e3
sub_08233418,112,src/fn/sub_08233418.c,2e67715828eb9c68968bbec2d786ecf5a61f9c97fa85b4732adbb16b82f1b2f3
sub_08233488,108,src/fn/sub_08233488.c,79aa2e659d9e80496b7463a075ba3cf5973043ebb503d2704c8422fb8a2884d7
sub_082340D8,96,src/fn/sub_082340D8.c,daff251e880ae697ebbff586f4365e1052b7ec5a90500e17e56c2620080bb4fd
sub_082342AC,168,src/fn/sub_082342AC.c,431454a34ef428a5caa1d0be3feb97f08beebf7e0d3200a2aa0d9bce29293f8e
sub_082349A0,172,src/fn/sub_082349A0.c,7ec9f3b106fb849a01ab78463dbd95cf1278dfb3da33b159bff7da5f1836f2b5
sub_08234A84,128,src/fn/sub_08234A84.c,ff3f5f064392515232468670a4cb8518da5767dacddd87e23bc3bcfeb243b691
sub_08234B34,100,src/fn/sub_08234B34.c,e59afe165304106fd024b7ad0a46e13daac989ed911278946977577af21cf857
sub_08234D0C,188,src/fn/sub_08234D0C.c,07f421ab0d4b1557ea440511ecd54cdda41737c3d156a2bf0d5687e92e1e4938
sub_08234F18,112,src/fn/sub_08234F18.c,faa14b0fee81544d5f41eb5bb53ddc3ad09f0707dedd18bc1df57e27548f348b
sub_08234F88,120,src/fn/sub_08234F88.c,160d36de1b18530cbbf07eadad84b8166dadb01d8cd180a143ee9565a66a1ca8
sub_082352C8,96,src/fn/sub_082352C8.c,21db50594fac2b8d138470b36f052c44a8e970518b4334689912d66703e21da9
sub_0823565C,136,src/fn/sub_0823565C.c,7cf86490582dcf5e054ff761038c6e30c34f3c10a74564d881c70c1aa3b9c83d
sub_08235A5C,92,src/fn/sub_08235A5C.c,02e8255c1b5214de46e37bf3dcb89d164a06aac22ef7e494620985f3c0c10652
sub_08235AB8,124,src/fn/sub_08235AB8.c,64615266f3fd904351d219a34fd9d057576cae1b4726a9996d74eda3f41693e0
sub_082381C8,112,src/fn/sub_082381C8.c,3b95fcffb6d8df996cfabedb41b5318528bb1c1121c2d59fa10637ba75fd0aa4
