addr,name,confidence,evidence
0822FE18,UnusedDummyFunc,high,"m4a.c static unused bx lr between MidiKeyToFreq pool and MPlayContinue; byte-identical"
08230018,m4aMPlayAllStop,high,"source order in m4a.c (after m4aSongNumContinue); loops NUM_MUSIC_PLAYERS m4aMPlayStop; byte-identical"
08230050,m4aMPlayAllContinue,high,"hidden (undisassembled) function after m4aMPlayContinue; loops MPlayContinue; byte-identical"
082300DC,m4aMPlayImmInit,high,"source order in m4a.c after m4aMPlayFadeIn; clears track flags (older SDK variant)"
0823025C,MusicPlayerJumpTableCopy,high,"hidden function after MPlayExtender: swi 0x2A; bx lr (static UNUSED in pokeemerald)"
08230380,SampleFreqSet,high,"source order after SoundInit; uses gPcmSamplesPerVBlankTable (0x08250150), __divsi3; stored in gMPlayJumpTable[30] by MPlayExtender"
082303EC,m4aSoundMode,high,"source order after SampleFreqSet; called by MPlayStart with songHeader->reverb"
082304D4,m4aSoundVSyncOff,high,"source order after SoundClear; stops DMA1/2 and clears pcmBuffer"
08230554,m4aSoundVSyncOn,high,"source order after VSyncOff; re-enables DMA1/2 repeat"
082305CC,m4aSoundVSync,high,"m4a_1.s routine (not m4a.c) between VSyncOn and MPlayOpen; decrements pcmDmaCounter"
082306C4,MPlayStart,high,"source order after MPlayOpen; byte-identical to pokeemerald after moving ident++ out of the condition"
082307E8,FadeOutBody,high,"source order after m4aMPlayStop; stored in gMPlayJumpTable[32]; byte-identical"
08230A60,CgbModVol,high,"source order after CgbOscOff; called by CgbSound"
08230AC8,CgbSound,high,"source order after CgbModVol; stored in SoundInfo.CgbSound by MPlayExtender"
0822F1B4,umul3232H32,high,"thumb veneer to ARM umul3232H32; called by MidiKeyToFreq"
0822F1C4,SoundMain,high,"called by m4aSoundMain"
0822FA9C,TrackStop,high,"stored in gMPlayJumpTable[31] by MPlayExtender; called by MPlayStart"
0822FB18,ply_note,high,"stored in SoundInfo.plynote by SoundInit"
0822FD18,ply_endtie,high,"gMPlayJumpTable[29]"
0822FD8C,ply_lfos,high,"gMPlayJumpTable[17]"
0822FDA0,ply_mod,high,"gMPlayJumpTable[19]"
0822F65C,MPlayJumpTableCopy,high,"called by SoundInit (swi 0x2A wrapper in m4a_1.s)"
08231434,DummyFunc,high,"SoundInit stores it into CgbSound/CgbOscOff/MidiKeyToCgbFreq/ExtVolPit"
